Grand Таллер (Берест) Беларуь,4810099020881,
Александр Невский  45%,4810223034777,
Альбери Берестовица (Беларусь),4810099018581,
"Беловежский трюфель с  пажитн  и ароматом  грецкого ореха45 %, брус",4811084004732,
Белорусское Золото Копыль (Беларусь),4810729017502,
Белорусское Золото Ошмяны (Беларусь),4811289005039,
Бобровский Сливочный  шар 50%,4630086153008,
Бондарский 50% РОССИЯ,4607048482131,
Брынза Сербская 45%фас.285г. (Сербия),8600742011658,
Витязь ТМ Киприно (Россия),4670027620190,
Гауда BIBERLAND (Россия),4603738026685,
Гойя  Сан Марко  50% вес.Аргентина,7791108031722,
Гойя FLAMAN 40% (шар),4630086153770,
Гойя Корлеоне  50% вес.Аргентина,7791108031739,
Горный мастер  50% ТМ Киприно,4670027620503,
Гранападано 45%( Беларусь),4811289005350,
Диетический Ичалковский 27 % (Россия),4607059884993,
Князь Игорь со вкусом Топл мол 50%(Россия),4680002150642,
Король Артур со вк.топл.мол.  Добряна  (Россия),4680089880036,
Король Севера 45%(Семикарокорский СК),4607014038904,
"Лайт 15 % ТМ "" Киприно""(Россия)",4670027620480,
Ламбер Рубцовск (Россия),4690228031434,
Ларец  Классический  50 %,4630086153039,
Ларец  Классический  50 % кусок 245г.,4630086156535,
Ларец с  лесными ягодами 50 %,4630086153091,
Ларец с Грецким орехом  50 % кусок 245г.,4630086158461,
Ларец с грецкими орехами 50 %,4630086153084,
Ларец с лисичками 50 %,4630086153732,
Львиное сердце 45% (СемикаракорскийМСК ),4607088283880,
Львиное сердце 50 % 90 г с козьим молокомЕланский СК ),4607014038621,
"Масло Крестьянское сладко-  сливочное ГОСТ 72,5% 5кг (Курское Молоко)",4607035286230,
"Масло сладко-сливочное ГОСТ 72,5% (Курское молоко) 10 кг",4607035282515,
"Масло слив. крестьянское ж 72,5% по 10  кг(Стародуб)",4607024203361,
"Масло сливочное ""100% кач."" 62% 180г. шоколадное",4610019391196,
"Мастер ТМ ""Киприно"" (Россия)",4670027620176,
"Молоко  Хорошее дело 3,2% 1л",4607048482131,
"Молочный цилиндр 50% ТМ "" Киприно""(Россия)",4670027620152,
Монарший(Берестовица),4810099019762,
Монблан  Снежная вершина 50% Кобрин,4810767011593,
Моцарелла Пицца 40 % Туровский МК (Беларусь),4810898000459,
"Мудрая коза 1,5кг(Киприно)",4670027621623,
"Пармезан Laime  40%, 185гр( Россия)",4603725559059,
"Пармезан Laime  40%, 200гр( Россия)",4603725559035,
Пармезан де Люкс  50% (Глубокое),4810108012043,
Пармезан Джюгас (DZUGAS) 2 мес.40% фас.200 гр. Рос,4660218290165,
"Пармезан т.з. ""Dziugas""(Джюгас) 40% круг (Азербайджан)",4600840570860,
"Плавленый сыр ""Дружба"" 55% 90 г фольга(Семикаракорский СК,ТМ Продукты из Елани)",4607014033237,
"Плавленый сыр ""Шоколадный  Омичка"" (стакан) /80 г",4607065606855,
"Плавленый сыр Пастообразный ""С  ветчиной 50% 180г ванна (Семикаракорский СК,ТМ Продукты из Елани)",4607014033732,
"Плавленый сыр Пастообразный ""С грибами"" 50% 180г ванна (Семикаракорский СК,ТМ Продукты из Елани)",4607014033718,
"Плавленый сыр Пастообразный ""Сливочный"" 50% 180г ванна (Семикаракорский СК,ТМ Продукты из Елани)",4607014033244,
"Плавленый сыр Пастообразный ""Со вкусом креве50% 180г ванна (Семикаракорский СК,ТМ Продукты из Елани)",4607014037808,
"Плавленый сыр Пастообразный ""Янтарь "" 50% 180г ванна (Семикаракорский СК,ТМ Продукты из Елани)",4607014034562,
"Плавленый сыр Соленая карамель "" Омичка""стакан /80г РОССИЯ",4607065602000,
Российский  особый 50%Холопеничи (Беларусь),4811171000616,
Российский  ТМ Киприно,4670027620275,
Российский 50 % Новый Экстра Скидель Молочный Мир (Беларусь),4810099032297,
Российский Кобрин  фирменный 50% (Беларусь),4810767012477,
Российский ТМ Киприно ( Россия)  5 кг 50%,4670027620275,
Рочестер ( Берестовица),4810099028481,
Салями с лисичками 45%Цилиндр( Новопокровка),4680002150574,
"Сливки ""Милкавита "" 33% 0,5л",4811309013556,
"Сливки 20% 0,5 л (Гродно)",4810099031917,
"Сливки ультрапаст  TBS 10 % 0,5л ""Милкавита """,4811309013648,
"Сливки ультрапаст  TBS 20 % 0,5л ""Милкавита """,4811309013624,
Сливочный Кобрин (Беларусь),4810767009408,
Сливочный Премиум 50%Берестовица (Беларусь),4810099034086,
Сливочный ТМ Киприно (Россия),4670027620169,
Сметанковый Кобрин (Беларусь),4810767002973,
"Советский    50%ТМ "" Киприно""(Россия)",4670027620060,
"Сулугуни 40 % 0, 3 кг",4680009690240,
Сулугуни копченый 30 %  270 г,4680009690257,
Сыр  Сливочный ИТ 50%(ТМ Сыробогатов) г Орел,4650118480469,
Сыр  Сметанковый ИТ 50%(ТМ Сыробогатов) г Орел,4650118480728,
"Сыр ""Maasdam"" 45 % Семикаракорск(Россия)ТМ Excelsior",4607014038010,
"Сыр Белая Фета Беловежские сыры 40% ж/б 4,5кг",4811084001472,
Сыр Бриллиант Графини с ароматом сгущенного молока ТМ Сырная Империя,4811289005824,
Сыр Король Сыров с ароматои топленого молока  40%ТМ Сыробогатов,4650118482470,
Сыр Кремчиз CLASSIC 70% 400г,4810898002637,
Сыр Луи Филипп со вкусом  и ароматом сливок ТМ Сырная Империя(Ошмяны),4811289005879,
Сыр Маасдам 45%(Сыры Кубани),4610032582618,
Сыр Моцарелла для пиццы с м.д.ж. в с.в. 40% брус  кг  Сыры Кубани,4610032584315,
"Сыр мягкий ""Дэнмакс Легкий м.д.ж 15 % 250 гр.",4680009690196,
"Сыр мягкий Дэнмакс 1,1",4607181160064,
Сыр полутвердый Граф Монте-Кристо со вкусом топленого молока50 %ТМ(Сыр на весь мир),4680002150673,
Сыр Принцесса Востока с ароматом карамелиТМ Сырная Империя(Ошмяны),4811289006043,
Сыр Российский ИТ 50%(ТМ Сыробогатов) г Орел,4650118482500,
"Сыр с благородной голубой плесенью ""Blue"" 54 % ТМ ""Schonfeld""",4650060855841,
"Сыр с голубой плесенью ""Blue Cheese"" Bridel 51 %  Президент",4607022663334,
"Сыр творожный ""Сливочный Cream Cheese Professional"" Президент 2,2 кг",4607022663570,
"Сыр Чеддер красный 50%тм Oldenburger, брус",4630086158874,
Сыронежский Граф с топленым молоком 50%ТМ Белослава,4610069290067,
Тильзитер  45% слайсы 125г  ТМ Сваля (Россия ),4602443704765,
Тильзитер  45% ТМ Сваля  брус (Россия),4660218290882,
Тильзитер  ТМ Бергмастер,4607035086281,
Тильзитер Вандамер 50% брус Беларусь,4811289005725,
Царский 45 % (Ошмяны) Традиции сыроваров,4811289005244,
Черный Графъ50%(Бабушкина крынка),4810223033244,
Черный принц Кобрин (Беларусь),4810767009354,
"Швейцарский 50% ТМ "" Киприно""(Россия)",4670027620053,
Эльтермани Кобрин (Беларусь),4810767002485,
Сыр Великий государь 50%(Беларусь),4811376008523,
"Сыр ""Мечта Президента"" м.д.ж. в сухом веществе 45 % ""Тадиции сыроваров"" (Новогрудок)(упакован под вакуумом в пакеты из многослойной пленки)",4810012004820,
Сыр полутвердый « АLVA DONNA» с массовой долей жира в сухом вещес,4811289006012,
"Сыр "" Грандселект"" с массовой долей жира в сухом веществе 45%,",4811289006050,
